create database chtdtttbtl;
use chtdtttbtl;

CREATE TABLE `benh` (
  `idbenh` varchar(255) NOT NULL,
  `tenbenh` varchar(100) DEFAULT NULL,
  `nguyennhan` varchar(1000) DEFAULT NULL,
  `loikhuyen` varchar(10000) DEFAULT NULL,
  PRIMARY KEY (`idbenh`)
) ENGINE=InnoDB DEFAULT CHARSET=utf8mb4 COLLATE=utf8mb4_0900_ai_ci;

INSERT INTO `benh` VALUES ('D1','Ngộ độc thực phẩm','Vi khuẩn và virus (Campylobacter jejuni, Salmonella, Ngoại độc tố, Độc tố vi nấm...). Ký sinh trùng. Dị ứng thực phẩm. Các loại thực phẩm thường gây dị ứng là: sữa, trứng, cá, động vật giáp xác, các loại ngũ cốc..... Nấm mốc, độc tố tự nhiên và các chất độc hại. Hoặc xuất phát từ khâu sản xuất, bảo quản, chế biến thực phẩm. Hoặc do chất bảo quản, thuốc bảo vệ thực vật, phụ gia...\n\n','Uống nước nhiều: Duy trì sự hydrat hóa là quan trọng để ngừng mệt mỏi và giúp cơ thể loại bỏ độc tố. Tránh ăn thức ăn không chín hoặc thức ăn không được bảo quản đúng cách để ngăn chặn tái phát ngộ độc. Ăn thức ăn dễ tiêu hóa như cháo, bánh mì, hoặc nước lọc để giảm áp lực lên đường tiêu hóa. Tránh các thực phẩm và thức uống kích thích như cafein, thực phẩm cay nồng, và thức ăn giàu chất béo. Cơ thể cần thời gian để hồi phục. Hãy nghỉ ngơi đủ giấc để cơ thể có thể đối mặt với ngộ độc. Sử dụng thuốc chống nôn: Nếu cần thiết, sử dụng thuốc chống nôn theo sự hướng dẫn của bác sĩ để giảm cảm giác buồn nôn. Tìm kiếm sự chăm sóc y tế: Nếu tình trạng ngộ độc không cải thiện hoặc trở nên nghiêm trọng, hãy tìm sự chăm sóc y tế ngay lập tức. Tránh tự chẩn đoán và tự điều trị. Hãy thảo luận với bác sĩ trước khi sử dụng bất kỳ loại thuốc nào hoặc thực hiện các biện pháp tự nhiên. Theo dõi triệu chứng: Ghi chép về thức ăn bạn ăn và triệu chứng bạn trải qua có thể giúp bác sĩ đánh giá tình hình và đưa ra chẩn đoán chính xác.'),('D2','Hội chứng ruột kích thích','Căng thẳng. Thường ăn những thực phẩm không hợp vệ sinh và đã hỏng. Rối loạn nội tiết tố (sự thay đổi bất thường hormone). Tác dụng phụ khi sử dụng kháng sinh. Loạn khuẩn đường ruột. Tiền sử gia đình có người bị bệnh tiêu hóa','Chế độ ăn giàu chất xơ: Chất xơ có thể giúp kiểm soát triệu chứng. Thức ăn giàu chất xơ bao gồm rau củ, ngũ cốc nguyên hạt, và hạt nguyên liệu đầy đủ. Giảm lượng thực phẩm kích thích: Một số thực phẩm như cà phê, rượu, thực phẩm chứa gluten, và thực phẩm cay nồng có thể kích thích IBS. Uống đủ nước có thể giúp duy trì sự ổn định cho hệ tiêu hóa. Các phương pháp giảm căng thẳng như thiền, yoga, và thậm chí tư vấn tâm lý có thể giúp kiểm soát các triệu chứng của IBS. Hạn chế tối đa bỏ bữa ăn, ăn uống không điều độ. Nên ăn chậm, không nên ăn quá nhanh. Hạn chế ăn các thực phẩm cay nóng nhiều, dầu mỡ và các thực phẩm đóng hộp, chế biến sẵn. Hạn chế rượu bia và đồ uống có gas.'),('D3','Trào ngược dạ dày','Lạm dụng thuốc tây. Thói quen sinh hoạt dùng các chất kích thích và gây nghiện như: cafein, rượu, thuốc lá. Có các bệnh liên quan đến dạ dày. Ăn quá no, ăn nhiều thực phẩm khó tiêu. Thừa cân béo phì. Căng thẳng.','Ăn thành từng bữa nhỏ. Nên ăn thường xuyên hơn là ăn ít bữa lớn đối với người có dấu hiệu trào ngược dạ dày thực quản. Lựa chọn các thực phẩm có tính kiềm, có khả năng trung hòa axit như thực phẩm từ tinh bột (bánh mì, bột yến mạch) hay đạm dễ tiêu. Hạn chế thực phẩm kích thích tăng tiết axit hay kích thích cơ thắt dưới thực quản: hoa quả có hàm lượng axit cao (chanh, cam, dứa...) và ít các sản phẩm từ sữa. Giảm sử dụng các thực phẩm giàu chất béo; thực phẩm chua cay. Không hút thuốc, uống rượu bia, đồ uống có gas, không sử dụng các chất kích thích. Giữ cân nặng hợp lý. Không nằm hoặc lao động ngay sau khi ăn. Thư giãn giảm stress có thể làm giảm triệu chứng trào ngược dạ dày thực quản một cách rõ ràng.'),('D4','Viêm loét dạ dày tá tràng','Thường xuyên hút thuốc lá và uống bia rượu (hoặc các loại nước uống có cồn khác). Căng thẳng thần kinh (stress). Thói quen ăn uống, sinh hoạt không điều độ. Nhiễm vi khuẩn Helicobacter pylori (Vi khuẩn HP). Thường xuyên sử dụng thuốc các loại thuốc có tác dụng giảm đau, kháng viêm. Di truyền.','Người bệnh cần tăng cường bổ sung các thực phẩm có tác dụng bảo vệ niêm mạc dạ dày, chữa lành các vết loét hoặc các thực phẩm có khả năng giúp giảm tiết acid và các thực phẩm giàu vitamin, khoáng chất. Các thực phẩm nên bổ sung bao gồm chuối, cơm, bánh mì, canh hoặc súp, sữa chua, đậu bắp, đặc biệt là các loại rau củ màu đỏ và màu xanh đậm,... Trong quá trình chữa viêm loét dạ dày tá tràng, hãy chia nhỏ các bữa ăn, không ăn quá no vào các bữa chính. Người bệnh loét dạ dày tá tràng uống nước ép táo để dễ tiêu hóa thức ăn, uống nước dừa, nước gừng, trà thảo mộc, hỗn hợp tinh bột nghệ và mật ong. Cần tránh các loại thực phẩm gây tổn thương niêm mạc dạ dày, gây tăng acid dạ dày như trái cây chua, dưa cà muối, các loại đồ uống kích thích như rượu bia,... Chế độ sinh hoạt hợp lý: Tập thể dục thường xuyên 30 phút mỗi ngày với các bài tập nhẹ nhàng. Ngủ nghỉ và làm việc đúng giờ, tránh căng thẳng, stress, mệt mỏi, không nên thức quá khuya. Ăn uống đúng giờ không nên bỏ bữa, tránh các đồ cay nóng,... Nhóm thuốc chống viêm giảm đau thông thường cũng là nguyên nhân gây viêm loét dạ dày tá tràng. Các thuốc nhóm này bao gồm: aspirin, ibuprofen, diclofenac… Trong quá trình điều trị viêm loét dạ dày tá tràng, bạn nên sử dụng các thuốc này ở liều thấp, dùng trong thời gian ngắn theo chỉ định của bác sĩ hoặc dược sĩ.'),('D5','Xuất huyết dạ dày','Loét dạ dày là một trong những nguyên nhân phổ biến nhất gây xuất huyết dạ dày. Loét có thể do nhiều nguyên nhân như sử dụng NSAIDs, nhiễm khuẩn Helicobacter pylori, hoặc tình trạng lâu dài của viêm dạ dày. Nhiễm khuẩn Helicobacter pylori, một loại vi khuẩn gắn kết với niêm mạc dạ dày, có thể tạo điều kiện cho tình trạng viêm nhiễm, dẫn đến xuất huyết. Các bệnh lý liên quan đến máu, như thiếu máu hay các bệnh lý máu khác, cũng có thể gây ra xuất huyết dạ dày. Ung thư dạ dày, đặc biệt là các loại ung thư dạ dày, có thể làm tổn thương các mạch máu và dẫn đến tình trạng xuất huyết. Sử dụng rượu và thuốc lá không chỉ tăng nguy cơ mắc bệnh viêm dạ dày mà còn có thể làm tổn thương niêm mạc và gây xuất huyết dạ dày. Những thói quen này đóng góp vào tình trạng lão hóa của niêm mạc dạ dày và làm tăng nguy cơ xuất huyết trong khu vực này.','Hạn chế hoặc tránh các thực phẩm và đồ uống có thể kích thích dạ dày như thực phẩm cay nồng, chua, cà phê, rượu, và các loại thực phẩm giàu chất béo. Ăn nhỏ giọt và thường xuyên hơn cũng có thể giúp giảm áp lực lên dạ dày. Tránh sử dụng thuốc NSAIDs mà không được bác sĩ kê đơn: Nếu có thể, hạn chế sử dụng các loại thuốc không steroid chống viêm (NSAIDs) như aspirin và ibuprofen, trừ khi bác sĩ chỉ định. Học kỹ thuật quản lý căng thẳng như thiền, yoga, hoặc tập luyện nhẹ để giảm bớt căng thẳng, vì căng thẳng có thể gây tăng sản xuất axit dạ dày. Duy trì một lối sống lành mạnh bao gồm việc duy trì cân nặng lành mạnh, tập thể dục đều đặn, và ngủ đủ giấc. Hạn chế hoặc tránh thuốc lá và rượu. Theo dõi triệu chứng và thăm bác sĩ đều đặn để theo dõi tình trạng sức khỏe và nhận sự hỗ trợ chuyên nghiệp khi cần thiết. Những biện pháp này giúp duy trì niêm mạc dạ dày khỏe mạnh và giảm nguy cơ xuất huyết dạ dày.'),('D6','Viêm hang vị dạ dày','Nhiễm khuẩn Helicobacter pylori, tăng axit dạ dày, thiếu máu, căng thẳng tâm lý, hút thuốc lá, và việc ăn quá nhiều thức ăn cay nồng, chua, hoặc thực phẩm giàu chất béo có thể gây kích thích và tổn thương niêm mạc dạ dày. ','Hạn chế hoặc tránh các thực phẩm và đồ uống có thể kích thích dạ dày, như thực phẩm cay nồng, chua, cà phê, và cacao. Ăn ít và thường xuyên hơn thay vì ăn nhiều bữa lớn. Tránh ăn trước khi đi ngủ. Giảm cân nếu bạn đang ở trạng thái thừa cân, vì cân nặng thừa có thể gây áp lực lên dạ dày. Đảm bảo bạn đang ngủ đủ giấc và giữ tư duy tích cực trước khi đi ngủ. Tránh thuốc lá và hạn chế rượu bia. Học kỹ thuật quản lý căng thẳng như thiền, yoga, hoặc tập luyện nhẹ để giảm bớt căng thẳng. Uống nước trong suốt ngày để giữ cho niêm mạc dạ dày không bị khô và giúp giảm cảm giác nôn. Theo dõi triệu chứng và thăm bác sĩ đều đặn.');

CREATE TABLE `trieuchung` (
  `idtrieuchung` varchar(255) NOT NULL,
  `tentrieuchung` varchar(255) DEFAULT NULL,
  PRIMARY KEY (`idtrieuchung`)
) ENGINE=InnoDB DEFAULT CHARSET=utf8mb4 COLLATE=utf8mb4_0900_ai_ci;

INSERT INTO `trieuchung` VALUES ('S01','Đau bụng'),('S02','Đau quặn theo từng cơn'),('S03','Đau âm ỉ'),('S04','Đau dữ dội, quằn quại'),('S05','Đau nhói hoặc đau rát'),('S06','Đau vùng trên xương chậu và bên dưới xương sườn'),('S07','Đau vùng thượng vị'),('S08','Đau bụng với tần suất 1 lần trong tuần vào kéo dài'),('S09','Đau bụng sau ăn 2 đến 5 tiếng'),('S10','Đau bụng về khuya trong khoảng 1 - 2 giờ sáng'),('S11','Đau khi đói'),('S12','Đau vài phút hoặc đến vài giờ, có tính chu kỳ'),('S13','Buồn nôn, nôn mửa'),('S14','Nôn mửa đi kèm cảm giác mất cân bằng, chóng mặt'),('S15','Nôn sau khi ăn'),('S16','Nôn ra máu tươi'),('S17','Nôn ra máu đen'),('S18','Nôn ra dịch màu (có vị đắng do là dịch mật)'),('S19','Táo bón khoảng 2 đến 3 lần trong tuần'),('S20','Tiêu chảy khoảng 3-4 lần/ngày'),('S21','Tiêu chảy không ngừng'),('S22','Trung tiện nhiều, cảm giác đi tiêu không hết phân'),('S23','Đi cầu phân đen'),('S24','Đi ngoài ra máu'),('S25','Màu phân thay đổi chuyển sang màu đen hoặc màu khác'),('S26','Khó tiêu, chướng bụng, căng bụng'),('S27','Ợ hơi, ợ nóng, ợ chua'),('S28','Dấu hiệu mất nước: môi khô, mắt trũng, khát nước, mạch nhanh, thở nhanh'),('S29','Đau tức ngực'),('S30','Chán ăn'),('S31','Khó nuốt'),('S32','Khàn giọng và ho'),('S33','Miệng tiết ra nhiều nước bọt'),('S34','Đắng miệng'),('S35','Đầy bụng, khó tiêu'),('S36','Hoa mắt, chóng mặt, tụt huyết áp, suy nhược, mệt mỏi, da tái nhợt và thiếu sức sống'),('S37','Cảm giác nuốt nghẹn kéo dài ở cổ họng');

CREATE TABLE `luat` (
  `idluat` varchar(255) NOT NULL,
  `trangthai` varchar(255) DEFAULT NULL,
  PRIMARY KEY (`idluat`)
) ENGINE=InnoDB DEFAULT CHARSET=utf8mb4 COLLATE=utf8mb4_0900_ai_ci;

INSERT INTO `luat` VALUES ('B01','0'),('B02','0'),('B03','0'),('B04','0'),('B05','0'),('B06','0'),('B07','0'),('B08','0'),('B09','0'),('B10','0'),('B11','0'),('B12','0'),('B13','0'),('B14','0'),('B15','0'),('B16','0'),('B17','0'),('B18','0'),('B19','0'),('B20','0'),('B21','0'),('B22','0'),('B23','0'),('B24','0'),('B25','0'),('B26','0'),('B27','0'),('B28','0'),('B29','0'),('B30','0'),('R01','1'),('R02','1'),('R03','1'),('R04','1'),('R05','1'),('R06','1'),('R07','1'),('R08','1'),('R09','1'),('R10','1'),('R11','1'),('R12','1'),('R13','1'),('R14','1'),('R15','1'),('R16','1'),('R17','1'),('R18','1'),('R19','1'),('R20','1'),('R21','1'),('R22','1'),('R23','1'),('R24','1'),('R25','1'),('R26','1'),('R27','1'),('R28','1'),('R29','1'),('R30','1'),('R31','1'),('R32','1'),('R33','1'),('R34','1'),('R35','1'),('R36','1');

CREATE TABLE `suydien` (
  `idsuydien` int NOT NULL AUTO_INCREMENT,
  `idluat` varchar(255) DEFAULT NULL,
  `idtrieuchung` varchar(255) DEFAULT NULL,
  `idbenh` varchar(255) DEFAULT NULL,
  PRIMARY KEY (`idsuydien`),
  KEY `idluat` (`idluat`),
  KEY `idtrieuchung` (`idtrieuchung`),
  KEY `idbenh` (`idbenh`),
  CONSTRAINT `suydien_ibfk_1` FOREIGN KEY (`idluat`) REFERENCES `luat` (`idluat`),
  CONSTRAINT `suydien_ibfk_2` FOREIGN KEY (`idtrieuchung`) REFERENCES `trieuchung` (`idtrieuchung`),
  CONSTRAINT `suydien_ibfk_3` FOREIGN KEY (`idbenh`) REFERENCES `benh` (`idbenh`)
) ENGINE=InnoDB AUTO_INCREMENT=206 DEFAULT CHARSET=utf8mb4 COLLATE=utf8mb4_0900_ai_ci;

INSERT INTO `suydien` VALUES (1,'R01','S02','D2'),(2,'R02','S03','D2'),(3,'R03','S04','D1'),(4,'R04','S05','D4'),(5,'R05','S06','D1'),(6,'R06','S07','D4'),(7,'R06','S07','D5'),(8,'R07','S08','D2'),(9,'R08','S09','D4'),(10,'R09','S10','D4'),(11,'R10','S11','D4'),(12,'R11','S12','D6'),(13,'R12','S13','D3'),(14,'R13','S14','D1'),(15,'R14','S15','D4'),(16,'R14','S15','D6'),(17,'R15','S16','D4'),(18,'R16','S17','D5'),(19,'R17','S18','D6'),(20,'R18','S19','D2'),(21,'R19','S20','D2'),(22,'R20','S21','D1'),(23,'R21','S22','D2'),(24,'R22','S23','D4'),(25,'R23','S24','D2'),(26,'R24','S25','D6'),(27,'R25','S26','D2'),(28,'R25','S26','D4'),(29,'R26','S27','D3'),(30,'R26','S27','D6'),(31,'R27','S28','D1'),(32,'R28','S29','D3'),(33,'R29','S30','D3'),(34,'R30','S31','D3'),(35,'R31','S32','D3'),(36,'R32','S33','D3'),(37,'R33','S34','D3'),(38,'R34','S35','D5'),(39,'R35','S36','D5'),(40,'R35','S36','D6'),(41,'R36','S37','D4'),(42,'B01','S01','D1'),(43,'B01','S28','D1'),(44,'B02','S01','D1'),(45,'B02','S04','D1'),(46,'B02','S14','D1'),(47,'B03','S06','D1'),(48,'B03','S21','D1'),(49,'B03','S14','D1'),(50,'B04','S06','D1'),(51,'B04','S04','D1'),(52,'B04','S21','D1'),(53,'B04','S28','D1'),(54,'B05','S02','D2'),(55,'B05','S19','D2'),(56,'B06','S03','D2'),(57,'B06','S08','D2'),(58,'B06','S26','D2'),(59,'B07','S02','D2'),(60,'B07','S26','D2'),(61,'B07','S20','D2'),(62,'B08','S03','D2'),(63,'B08','S08','D2'),(64,'B08','S20','D2'),(65,'B09','S02','D2'),(66,'B09','S08','D2'),(67,'B09','S19','D2'),(68,'B09','S22','D2'),(69,'B10','S03','D2'),(70,'B10','S20','D2'),(71,'B10','S19','D2'),(72,'B10','S22','D2'),(73,'B11','S03','D2'),(74,'B11','S08','D2'),(75,'B11','S19','D2'),(76,'B12','S03','D2'),(77,'B12','S26','D2'),(78,'B12','S22','D2'),(79,'B13','S27','D3'),(80,'B13','S13','D3'),(81,'B13','S29','D3'),(82,'B14','S27','D3'),(83,'B14','S13','D3'),(84,'B14','S30','D3'),(85,'B14','S34','D3'),(86,'B15','S27','D3'),(87,'B15','S29','D3'),(88,'B15','S30','D3'),(89,'B15','S34','D3'),(90,'B01','S01','D1'),(91,'B01','S28','D1'),(92,'B02','S01','D1'),(93,'B02','S04','D1'),(94,'B02','S14','D1'),(95,'B03','S06','D1'),(96,'B03','S21','D1'),(97,'B03','S14','D1'),(98,'B04','S06','D1'),(99,'B04','S04','D1'),(100,'B04','S21','D1'),(101,'B04','S28','D1'),(102,'B05','S02','D2'),(103,'B05','S19','D2'),(104,'B06','S03','D2'),(105,'B06','S08','D2'),(106,'B06','S26','D2'),(107,'B07','S02','D2'),(108,'B07','S26','D2'),(109,'B07','S20','D2'),(110,'B08','S03','D2'),(111,'B08','S08','D2'),(112,'B08','S20','D2'),(113,'B09','S02','D2'),(114,'B09','S08','D2'),(115,'B09','S19','D2'),(116,'B09','S22','D2'),(117,'B10','S03','D2'),(118,'B10','S20','D2'),(119,'B10','S19','D2'),(120,'B10','S22','D2'),(121,'B11','S03','D2'),(122,'B11','S08','D2'),(123,'B11','S19','D2'),(124,'B12','S03','D2'),(125,'B12','S26','D2'),(126,'B12','S22','D2'),(127,'B13','S27','D3'),(128,'B13','S13','D3'),(129,'B13','S29','D3'),(130,'B14','S27','D3'),(131,'B14','S13','D3'),(132,'B14','S30','D3'),(133,'B14','S34','D3'),(134,'B15','S27','D3'),(135,'B15','S29','D3'),(136,'B15','S30','D3'),(137,'B15','S34','D3'),(138,'B16','S27','D3'),(139,'B16','S13','D3'),(140,'B16','S31','D3'),(141,'B16','S32','D3'),(142,'B17','S27','D3'),(143,'B17','S29','D3'),(144,'B18','S01','D4'),(145,'B18','S07','D4'),(146,'B18','S10','D4'),(147,'B19','S07','D4'),(148,'B19','S10','D4'),(149,'B19','S11','D4'),(150,'B19','S26','D4'),(151,'B20','S01','D4'),(152,'B20','S05','D4'),(153,'B20','S09','D4'),(154,'B20','S10','D4'),(155,'B20','S16','D4'),(156,'B20','S23','D4'),(157,'B21','S01','D4'),(158,'B21','S05','D4'),(159,'B21','S09','D4'),(160,'B21','S26','D4'),(161,'B21','S10','D4'),(162,'B21','S11','D4'),(163,'B21','S37','D4'),(164,'B22','S07','D4'),(165,'B22','S05','D4'),(166,'B22','S09','D4'),(167,'B22','S26','D4'),(168,'B22','S15','D4'),(169,'B22','S37','D4'),(170,'B23','S01','D5'),(171,'B23','S07','D5'),(172,'B23','S36','D5'),(173,'B23','S16','D5'),(174,'B23','S17','D5'),(175,'B24','S01','D5'),(176,'B24','S07','D5'),(177,'B24','S36','D5'),(178,'B24','S24','D5'),(179,'B25','S01','D5'),(180,'B25','S35','D5'),(181,'B25','S36','D5'),(182,'B25','S16','D5'),(183,'B25','S17','D5'),(184,'B26','S01','D5'),(185,'B26','S35','D5'),(186,'B26','S24','D5'),(187,'B26','S36','D5'),(188,'B27','S01','D6'),(189,'B27','S07','D6'),(190,'B27','S25','D6'),(191,'B28','S01','D6'),(192,'B28','S07','D6'),(193,'B28','S16','D6'),(194,'B28','S18','D6'),(195,'B29','S01','D6'),(196,'B29','S12','D6'),(197,'B29','S02','D6'),(198,'B29','S15','D6'),(199,'B29','S36','D6'),(200,'B30','S01','D6'),(201,'B30','S02','D6'),(202,'B30','S15','D6'),(203,'B30','S36','D6'),(204,'B30','S16','D6'),(205,'B30','S18','D6');


SELECT * FROM chtdtttbtl.suydien order by idbenh;